Player,Headshot Link,Nationality,Flag Link,Region,Import,Team,Team Logo Link,Position,Laning,Carry,Vision,Versatility,Experience,Threat,Overall,Card Type
Chovy,cdn.discordapp.com/attachments/908192999131975681/908198164920676412/Chovy.png,South Korea,https://cdn.discordapp.com/attachments/908192999131975681/908194033967443999/South_Korea.png,LCK,T,Hanwha Life Esports,https://cdn.discordapp.com/attachments/908192999131975681/908206959637975060/Hanwha_Life_Esports.png,MID,99,67,92,99,86,80,96,Legend
BeryL,cdn.discordapp.com/attachments/908192999131975681/908198095823704104/BeryL.png,South Korea,https://cdn.discordapp.com/attachments/908192999131975681/908194033967443999/South_Korea.png,LCK,T,DWG KIA,https://cdn.discordapp.com/attachments/908192999131975681/908206914607919114/DWG_KIA.png,SUP,81,99,93,94,90,83,94,Legend
Canyon,cdn.discordapp.com/attachments/908192999131975681/908198163339440178/Canyon.png,South Korea,https://cdn.discordapp.com/attachments/908192999131975681/908194033967443999/South_Korea.png,LCK,T,DWG KIA,https://cdn.discordapp.com/attachments/908192999131975681/908206914607919114/DWG_KIA.png,JG,83,66,87,90,90,86,94,Legend
Deft,cdn.discordapp.com/attachments/908192999131975681/908198288963014676/Deft.png,South Korea,https://cdn.discordapp.com/attachments/908192999131975681/908194033967443999/South_Korea.png,LCK,T,Hanwha Life Esports,https://cdn.discordapp.com/attachments/908192999131975681/908206959637975060/Hanwha_Life_Esports.png,ADC,82,70,83,89,95,82,94,Legend
Doran,cdn.discordapp.com/attachments/908192999131975681/908198296126890034/Doran.png,South Korea,https://cdn.discordapp.com/attachments/908192999131975681/908194033967443999/South_Korea.png,LCK,T,KT Rolster,https://cdn.discordapp.com/attachments/908192999131975681/908206967053496350/KT_Rolster.png,TOP,88,65,98,85,77,88,94,Legend
Khan,cdn.discordapp.com/attachments/908192999131975681/908198681143025714/Khan.png,South Korea,https://cdn.discordapp.com/attachments/908192999131975681/908194033967443999/South_Korea.png,LCK,T,DWG KIA,https://cdn.discordapp.com/attachments/908192999131975681/908206914607919114/DWG_KIA.png,TOP,79,64,85,90,92,79,94,Legend
Perkz,cdn.discordapp.com/attachments/908192999131975681/908198867273674762/Perkz.png,Croatia,https://cdn.discordapp.com/attachments/908192999131975681/908193810419429416/Croatia.png,LCS,T,Cloud9,https://cdn.discordapp.com/attachments/908192999131975681/908206907817349160/Cloud9.png,MID,86,60,75,96,97,73,94,Legend
Kiin,cdn.discordapp.com/attachments/908192999131975681/908198681763803186/Kiin.png,South Korea,https://cdn.discordapp.com/attachments/908192999131975681/908194033967443999/South_Korea.png,LCK,T,Afreeca Freecs,https://cdn.discordapp.com/attachments/908192999131975681/908206905300746240/Afreeca_Freecs.png,TOP,92,66,89,89,77,98,93,Legend
Rascal,cdn.discordapp.com/attachments/908192999131975681/908199454069362738/Rascal.png,South Korea,https://cdn.discordapp.com/attachments/908192999131975681/908194033967443999/South_Korea.png,LCK,T,Gen.G,https://cdn.discordapp.com/attachments/908192999131975681/908206957305942036/Gen.G.png,TOP,83,66,94,79,88,81,93,Legend
Rekkles,cdn.discordapp.com/attachments/908192999131975681/908199286246875136/Rekkles.png,Sweden,https://cdn.discordapp.com/attachments/908192999131975681/908194038069461032/Sweden.png,LEC,T,G2 Esports,https://cdn.discordapp.com/attachments/908192999131975681/908206956643242074/G2_Esports.png,ADC,80,80,95,77,94,60,93,Legend
ShowMaker,cdn.discordapp.com/attachments/908192999131975681/908203468748099614/ShowMaker.png,South Korea,https://cdn.discordapp.com/attachments/908192999131975681/908194033967443999/South_Korea.png,LCK,T,DWG KIA,https://cdn.discordapp.com/attachments/908192999131975681/908206914607919114/DWG_KIA.png,MID,83,69,83,96,90,72,93,Legend
Canna,cdn.discordapp.com/attachments/908192999131975681/908198160130789396/Canna.png,South Korea,https://cdn.discordapp.com/attachments/908192999131975681/908194033967443999/South_Korea.png,LCK,T,T1,https://cdn.discordapp.com/attachments/908192999131975681/908207005938905108/T1.png,TOP,86,65,99,79,79,80,92,Legend
Faker,cdn.discordapp.com/attachments/908192999131975681/908198354972975154/Faker.png,South Korea,https://cdn.discordapp.com/attachments/908192999131975681/908194033967443999/South_Korea.png,LCK,T,T1,https://cdn.discordapp.com/attachments/908192999131975681/908207005938905108/T1.png,MID,89,69,71,90,99,71,92,Legend
Peanut,cdn.discordapp.com/attachments/908192999131975681/908198871438610512/Peanut.png,South Korea,https://cdn.discordapp.com/attachments/908192999131975681/908194033967443999/South_Korea.png,LCK,T,Nongshim RedForce,https://cdn.discordapp.com/attachments/908192999131975681/908207001895579658/Nongshim_RedForce.png,JG,81,72,86,87,91,68,92,Legend
Ruler,cdn.discordapp.com/attachments/908192999131975681/908203457427669062/Ruler.png,South Korea,https://cdn.discordapp.com/attachments/908192999131975681/908194033967443999/South_Korea.png,LCK,T,Gen.G,https://cdn.discordapp.com/attachments/908192999131975681/908206957305942036/Gen.G.png,ADC,79,79,99,77,90,82,92,Legend
Caps,cdn.discordapp.com/attachments/908192999131975681/908198159098978304/Caps.png,Denmark,https://cdn.discordapp.com/attachments/908192999131975681/908193814399823902/Denmark.png,LEC,T,G2 Esports,https://cdn.discordapp.com/attachments/908192999131975681/908206956643242074/G2_Esports.png,MID,95,61,74,87,94,69,91,Legend
Bwipo,cdn.discordapp.com/attachments/908192999131975681/908198145438154752/Bwipo.png,Belgium,https://cdn.discordapp.com/attachments/908192999131975681/908193804270596116/Belgium.png,LEC,T,Fnatic,https://cdn.discordapp.com/attachments/908192999131975681/908206953103253585/Fnatic.png,JG,80,65,81,89,91,84,89,Gold
Selfmade,cdn.discordapp.com/attachments/908192999131975681/908203460514680832/Selfmade.png,Poland,https://cdn.discordapp.com/attachments/908192999131975681/908193946017103882/Poland.png,LEC,T,Team Vitality,https://cdn.discordapp.com/attachments/908192999131975681/908207011710255124/Team_Vitality.png,JG,97,64,93,75,75,80,89,Gold
Alphari,cdn.discordapp.com/attachments/908192999131975681/908198026135371826/Alphari.png,Wales,https://cdn.discordapp.com/attachments/908192999131975681/908194050014846976/Wales.png,LCS,T,Team Liquid,https://cdn.discordapp.com/attachments/908192999131975681/908207006945513492/Team_Liquid.png,TOP,90,59,81,77,88,80,88,Gold
nukeduck,cdn.discordapp.com/attachments/908192999131975681/908198859489034260/Nukeduck.png,Norway,https://cdn.discordapp.com/attachments/908192999131975681/908193943483723806/Norway.png,LEC,T,Excel Esports,https://cdn.discordapp.com/attachments/908192999131975681/908206916231131186/Excel_Esports.png,MID,81,60,94,80,88,71,88,Gold
Huni,cdn.discordapp.com/attachments/908192999131975681/908198457934753883/Huni.png,South Korea,https://cdn.discordapp.com/attachments/908192999131975681/908194033967443999/South_Korea.png,LCS,F,TSM,https://cdn.discordapp.com/attachments/908192999131975681/908207016886038538/TSM.png,TOP,78,58,78,87,91,77,87,Gold
Impact,cdn.discordapp.com/attachments/908192999131975681/908198467447451748/Impact.png,South Korea,https://cdn.discordapp.com/attachments/908192999131975681/908194033967443999/South_Korea.png,LCS,F,Evil Geniuses,https://cdn.discordapp.com/attachments/908192999131975681/908206915580989491/Evil_Geniuses.png,TOP,84,58,69,87,94,64,87,Gold
Keria,cdn.discordapp.com/attachments/908192999131975681/908198676688695326/Keria.png,South Korea,https://cdn.discordapp.com/attachments/908192999131975681/908194033967443999/South_Korea.png,LCK,T,T1,https://cdn.discordapp.com/attachments/908192999131975681/908207005938905108/T1.png,SUP,84,97,94,81,81,78,87,Gold
Mikyx,cdn.discordapp.com/attachments/908192999131975681/908198795186147368/Mikyx.png,Slovenia,https://cdn.discordapp.com/attachments/908192999131975681/908194030016401458/Slovenia.png,LEC,T,G2 Esports,https://cdn.discordapp.com/attachments/908192999131975681/908206956643242074/G2_Esports.png,SUP,76,97,93,79,91,88,87,Gold
Hans sama,cdn.discordapp.com/attachments/908192999131975681/908198423004610560/Hans_sama.png,France,https://cdn.discordapp.com/attachments/908192999131975681/908193819059687424/France.png,LEC,T,Rogue,https://cdn.discordapp.com/attachments/908192999131975681/908207003787202560/Rogue.png,ADC,97,70,76,79,80,71,86,Gold
Humanoid,cdn.discordapp.com/attachments/908192999131975681/908198458022834197/Humanoid.png,Czechia,https://cdn.discordapp.com/attachments/908192999131975681/908193812302675978/Czechia.png,LEC,T,MAD Lions,https://cdn.discordapp.com/attachments/908192999131975681/908207003535560724/MAD_Lions.png,MID,92,61,80,81,85,68,85,Gold
Larssen,cdn.discordapp.com/attachments/908192999131975681/908198719084724254/Larssen.png,Sweden,https://cdn.discordapp.com/attachments/908192999131975681/908194038069461032/Sweden.png,LEC,T,Rogue,https://cdn.discordapp.com/attachments/908192999131975681/908207003787202560/Rogue.png,MID,90,58,90,83,75,58,85,Gold
Pyosik,cdn.discordapp.com/attachments/908192999131975681/908199080017154089/Pyosik.png,South Korea,https://cdn.discordapp.com/attachments/908192999131975681/908194033967443999/South_Korea.png,LCK,T,DRX,https://cdn.discordapp.com/attachments/908192999131975681/908206912603029574/DRX.png,JG,78,70,99,81,76,61,85,Gold
Blaber,cdn.discordapp.com/attachments/908192999131975681/908198071698087977/Blaber.png,USA,https://cdn.discordapp.com/attachments/908192999131975681/908194044662935583/USA.png,LCS,F,Cloud9,https://cdn.discordapp.com/attachments/908192999131975681/908206907817349160/Cloud9.png,JG,87,59,77,83,86,69,84,Gold
Carzzy,cdn.discordapp.com/attachments/908192999131975681/908198161678495754/Carzzy.png,Czechia,https://cdn.discordapp.com/attachments/908192999131975681/908193812302675978/Czechia.png,LEC,T,MAD Lions,https://cdn.discordapp.com/attachments/908192999131975681/908207003535560724/MAD_Lions.png,ADC,78,68,91,79,81,58,84,Gold
Jensen,cdn.discordapp.com/attachments/908192999131975681/908198531934863370/Jensen.png,Denmark,https://cdn.discordapp.com/attachments/908192999131975681/908193814399823902/Denmark.png,LCS,F,Team Liquid,https://cdn.discordapp.com/attachments/908192999131975681/908207006945513492/Team_Liquid.png,MID,79,56,78,87,91,86,84,Gold
Life,cdn.discordapp.com/attachments/908192999131975681/908198741683625994/Life.png,South Korea,https://cdn.discordapp.com/attachments/908192999131975681/908194033967443999/South_Korea.png,LCK,T,Gen.G,https://cdn.discordapp.com/attachments/908192999131975681/908206957305942036/Gen.G.png,SUP,77,94,86,87,83,59,84,Gold
Lehends,cdn.discordapp.com/attachments/908192999131975681/908198730342223915/Lehends.png,South Korea,https://cdn.discordapp.com/attachments/908192999131975681/908194033967443999/South_Korea.png,LCK,T,Afreeca Freecs,https://cdn.discordapp.com/attachments/908192999131975681/908206905300746240/Afreeca_Freecs.png,SUP,83,94,90,81,78,74,83,Gold
Summit,cdn.discordapp.com/attachments/908192999131975681/908203523886428191/Summit.png,South Korea,https://cdn.discordapp.com/attachments/908192999131975681/908194033967443999/South_Korea.png,LCK,T,Liiv SANDBOX,https://cdn.discordapp.com/attachments/908192999131975681/908206997881618442/Liiv_SANDBOX.png,TOP,83,65,94,85,64,70,83,Gold
Teddy,cdn.discordapp.com/attachments/908192999131975681/908203532736401418/Teddy.png,South Korea,https://cdn.discordapp.com/attachments/908192999131975681/908194033967443999/South_Korea.png,LCK,T,T1,https://cdn.discordapp.com/attachments/908192999131975681/908207005938905108/T1.png,ADC,82,80,82,73,88,81,83,Gold
Bdd,cdn.discordapp.com/attachments/908192999131975681/908198091730071622/Bdd.png,South Korea,https://cdn.discordapp.com/attachments/908192999131975681/908194033967443999/South_Korea.png,LCK,T,Gen.G,https://cdn.discordapp.com/attachments/908192999131975681/908206957305942036/Gen.G.png,MID,84,64,75,83,89,87,82,Gold
Jankos,cdn.discordapp.com/attachments/908192999131975681/908198529493782558/Jankos.png,Poland,https://cdn.discordapp.com/attachments/908192999131975681/908193946017103882/Poland.png,LEC,T,G2 Esports,https://cdn.discordapp.com/attachments/908192999131975681/908206956643242074/G2_Esports.png,JG,77,65,82,75,94,77,82,Gold
Kellin,cdn.discordapp.com/attachments/908192999131975681/908198673282899998/Kellin.png,South Korea,https://cdn.discordapp.com/attachments/908192999131975681/908194033967443999/South_Korea.png,LCK,T,Nongshim RedForce,https://cdn.discordapp.com/attachments/908192999131975681/908207001895579658/Nongshim_RedForce.png,SUP,75,97,94,81,75,74,82,Gold
Nisqy,cdn.discordapp.com/attachments/908192999131975681/908198805705470012/Nisqy.png,Belgium,https://cdn.discordapp.com/attachments/908192999131975681/908193804270596116/Belgium.png,LEC,T,Fnatic,https://cdn.discordapp.com/attachments/908192999131975681/908206953103253585/Fnatic.png,MID,83,63,82,79,88,72,82,Gold
Odoamne,cdn.discordapp.com/attachments/908192999131975681/908198860550209556/Odoamne.png,Romania,https://cdn.discordapp.com/attachments/908192999131975681/908193947518648320/Romania.png,LEC,T,Rogue,https://cdn.discordapp.com/attachments/908192999131975681/908207003787202560/Rogue.png,TOP,85,62,69,81,89,58,82,Gold
Patrik,cdn.discordapp.com/attachments/908192999131975681/908198868498386984/Patrik.png,Czechia,https://cdn.discordapp.com/attachments/908192999131975681/908193812302675978/Czechia.png,LEC,T,Excel Esports,https://cdn.discordapp.com/attachments/908192999131975681/908206916231131186/Excel_Esports.png,ADC,76,71,85,80,84,65,82,Gold
Upset,cdn.discordapp.com/attachments/908192999131975681/908203572083191818/Upset.png,Germany,https://cdn.discordapp.com/attachments/908192999131975681/908193934134640690/Germany.png,LEC,T,Fnatic,https://cdn.discordapp.com/attachments/908192999131975681/908206953103253585/Fnatic.png,ADC,91,72,83,79,72,77,82,Gold
Effort,cdn.discordapp.com/attachments/908192999131975681/908198351424593950/Effort.png,South Korea,https://cdn.discordapp.com/attachments/908192999131975681/908194033967443999/South_Korea.png,LCK,T,Liiv SANDBOX,https://cdn.discordapp.com/attachments/908192999131975681/908206997881618442/Liiv_SANDBOX.png,SUP,66,99,97,77,81,77,81,Gold
huhi,cdn.discordapp.com/attachments/908192999131975681/908198455585939476/huhi.png,South Korea,https://cdn.discordapp.com/attachments/908192999131975681/908194033967443999/South_Korea.png,LCS,F,100 Thieves,https://cdn.discordapp.com/attachments/908192999131975681/908206903333617704/100_Thieves.png,SUP,90,83,75,85,87,66,81,Gold
WildTurtle,cdn.discordapp.com/attachments/908192999131975681/908203579788124170/WildTurtle.png,Canada,https://cdn.discordapp.com/attachments/908192999131975681/908193811082133544/Canada.png,LCS,F,Counter Logic Gaming,https://cdn.discordapp.com/attachments/908192999131975681/908206909583163402/Counter_Logic_Gaming.png,ADC,70,64,82,81,89,60,81,Gold
Kaiser,cdn.discordapp.com/attachments/908192999131975681/908198655486464010/Kaiser.png,Germany,https://cdn.discordapp.com/attachments/908192999131975681/908193934134640690/Germany.png,LEC,T,MAD Lions,https://cdn.discordapp.com/attachments/908192999131975681/908207003535560724/MAD_Lions.png,SUP,86,92,85,75,81,88,80,Gold
Tactical,cdn.discordapp.com/attachments/908192999131975681/908203526268796958/Tactical.png,USA,https://cdn.discordapp.com/attachments/908192999131975681/908194044662935583/USA.png,LCS,F,Team Liquid,https://cdn.discordapp.com/attachments/908192999131975681/908207006945513492/Team_Liquid.png,ADC,75,61,90,83,73,66,80,Gold
Wunder,cdn.discordapp.com/attachments/908192999131975681/908203586368974888/Wunder.png,Denmark,https://cdn.discordapp.com/attachments/908192999131975681/908193814399823902/Denmark.png,LEC,T,G2 Esports,https://cdn.discordapp.com/attachments/908192999131975681/908206956643242074/G2_Esports.png,TOP,73,62,70,85,93,66,80,Gold
Abbedagge,cdn.discordapp.com/attachments/908192999131975681/908198018761756674/Abbedagge.png,Germany,https://cdn.discordapp.com/attachments/908192999131975681/908193934134640690/Germany.png,LCS,T,100 Thieves,https://cdn.discordapp.com/attachments/908192999131975681/908206903333617704/100_Thieves.png,MID,83,60,70,87,86,84,79,Gold
Jiizuke,cdn.discordapp.com/attachments/908192999131975681/908198539761430578/Jiizuke.png,Italy,https://cdn.discordapp.com/attachments/908192999131975681/908193937771102208/Italy.png,LCS,T,Evil Geniuses,https://cdn.discordapp.com/attachments/908192999131975681/908206915580989491/Evil_Geniuses.png,MID,83,59,82,87,74,73,79,Gold
Lava,cdn.discordapp.com/attachments/908192999131975681/908198727997587526/Lava.png,South Korea,https://cdn.discordapp.com/attachments/908192999131975681/908194033967443999/South_Korea.png,LCK,T,Fredit BRION,https://cdn.discordapp.com/attachments/908192999131975681/908206954764177438/Fredit_BRION.png,MID,85,67,92,83,66,99,79,Gold
Vander,cdn.discordapp.com/attachments/908192999131975681/908203575010807848/Vander.png,Poland,https://cdn.discordapp.com/attachments/908192999131975681/908193946017103882/Poland.png,LEC,T,Misfits Gaming,https://cdn.discordapp.com/attachments/908192999131975681/908207001111257138/Misfits_Gaming.png,SUP,81,91,83,77,82,90,79,Gold
Broken Blade,cdn.discordapp.com/attachments/908192999131975681/908198093902729226/BrokenBlade.png,Germany,https://cdn.discordapp.com/attachments/908192999131975681/908193934134640690/Germany.png,LEC,T,FC Schalke 04 Esports,https://cdn.discordapp.com/attachments/908192999131975681/908206950657978428/FC_Schalke_04_Esports.png,TOP,78,63,85,87,67,65,78,Gold
Dove,cdn.discordapp.com/attachments/908192999131975681/908198336400609340/Dove.png,South Korea,https://cdn.discordapp.com/attachments/908192999131975681/908194033967443999/South_Korea.png,LCK,T,KT Rolster,https://cdn.discordapp.com/attachments/908192999131975681/908206967053496350/KT_Rolster.png,MID,86,67,94,81,64,82,78,Gold
Gumayusi,cdn.discordapp.com/attachments/908192999131975681/908198428188758036/Gumayusi.png,South Korea,https://cdn.discordapp.com/attachments/908192999131975681/908194033967443999/South_Korea.png,LCK,T,T1,https://cdn.discordapp.com/attachments/908192999131975681/908207005938905108/T1.png,ADC,83,74,81,79,74,78,78,Gold
Hylissang,cdn.discordapp.com/attachments/908192999131975681/908198462376513567/Hylissang.png,Bulgaria,https://cdn.discordapp.com/attachments/908192999131975681/908193806166392872/Bulgaria.png,LEC,T,Fnatic,https://cdn.discordapp.com/attachments/908192999131975681/908206953103253585/Fnatic.png,SUP,77,88,76,79,92,60,78,Gold
LIMIT,cdn.discordapp.com/attachments/908192999131975681/908198783534366790/LIMIT.png,Croatia,https://cdn.discordapp.com/attachments/908192999131975681/908193810419429416/Croatia.png,LEC,T,FC Schalke 04 Esports,https://cdn.discordapp.com/attachments/908192999131975681/908206950657978428/FC_Schalke_04_Esports.png,SUP,77,93,91,87,63,78,78,Gold
Prince,cdn.discordapp.com/attachments/908192999131975681/908199037704999022/Prince.png,South Korea,https://cdn.discordapp.com/attachments/908192999131975681/908194033967443999/South_Korea.png,LCK,T,Liiv SANDBOX,https://cdn.discordapp.com/attachments/908192999131975681/908206997881618442/Liiv_SANDBOX.png,ADC,80,74,86,77,75,89,78,Gold
Raes,cdn.discordapp.com/attachments/908192999131975681/908199263899648010/Raes.png,New Zealand,https://cdn.discordapp.com/attachments/908192999131975681/908193941831176222/New_Zealand.png,LCS,F,Immortals,https://cdn.discordapp.com/attachments/908192999131975681/908206960485232680/Immortals.png,ADC,69,63,84,81,82,69,78,Gold
Vsta,cdn.discordapp.com/attachments/908192999131975681/908203579490316288/Vsta.png,South Korea,https://cdn.discordapp.com/attachments/908192999131975681/908194033967443999/South_Korea.png,LCK,T,Hanwha Life Esports,https://cdn.discordapp.com/attachments/908192999131975681/908206959637975060/Hanwha_Life_Esports.png,SUP,75,95,89,85,68,68,78,Gold
Zven,cdn.discordapp.com/attachments/908192999131975681/908203631642300466/Zven.png,Denmark,https://cdn.discordapp.com/attachments/908192999131975681/908193814399823902/Denmark.png,LCS,T,Cloud9,https://cdn.discordapp.com/attachments/908192999131975681/908206907817349160/Cloud9.png,ADC,78,62,70,77,92,65,78,Gold
Leo,cdn.discordapp.com/attachments/908192999131975681/908198739133480970/Leo.png,South Korea,https://cdn.discordapp.com/attachments/908192999131975681/908194033967443999/South_Korea.png,LCK,T,Afreeca Freecs,https://cdn.discordapp.com/attachments/908192999131975681/908206905300746240/Afreeca_Freecs.png,ADC,79,80,95,77,63,79,77,Gold
Neo,cdn.discordapp.com/attachments/908192999131975681/908198799044911165/Neo.png,Vietnam,https://cdn.discordapp.com/attachments/908192999131975681/908194047682822184/Vietnam.png,LCS,F,Dignitas,https://cdn.discordapp.com/attachments/908192999131975681/908206910480740402/Dignitas.png,ADC,73,62,80,81,81,69,77,Gold
Ssumday,cdn.discordapp.com/attachments/908192999131975681/908203468072812604/Ssumday.png,South Korea,https://cdn.discordapp.com/attachments/908192999131975681/908194033967443999/South_Korea.png,LCS,F,100 Thieves,https://cdn.discordapp.com/attachments/908192999131975681/908206903333617704/100_Thieves.png,TOP,74,59,71,83,88,82,77,Gold
Akaadian,cdn.discordapp.com/attachments/908192999131975681/908198024407310407/Akaadian.png,USA,https://cdn.discordapp.com/attachments/908192999131975681/908194044662935583/USA.png,LCS,F,Dignitas,https://cdn.discordapp.com/attachments/908192999131975681/908206910480740402/Dignitas.png,JG,77,56,82,81,78,83,76,Gold
Clid,cdn.discordapp.com/attachments/908192999131975681/908198165591777321/Clid.png,South Korea,https://cdn.discordapp.com/attachments/908192999131975681/908194033967443999/South_Korea.png,LCK,T,Gen.G,https://cdn.discordapp.com/attachments/908192999131975681/908206957305942036/Gen.G.png,JG,78,72,73,77,90,71,76,Gold
Destiny,cdn.discordapp.com/attachments/908192999131975681/908198285003591690/Destiny.png,Australia,https://cdn.discordapp.com/attachments/908192999131975681/908193802320228383/Australia.png,LCS,F,Immortals,https://cdn.discordapp.com/attachments/908192999131975681/908206960485232680/Immortals.png,SUP,68,86,85,81,88,67,76,Gold
Dread,cdn.discordapp.com/attachments/908192999131975681/908198341056270406/Dread.png,South Korea,https://cdn.discordapp.com/attachments/908192999131975681/908194033967443999/South_Korea.png,LCK,T,Afreeca Freecs,https://cdn.discordapp.com/attachments/908192999131975681/908206905300746240/Afreeca_Freecs.png,JG,89,71,83,83,64,70,76,Gold
Kingen,cdn.discordapp.com/attachments/908192999131975681/908198682837524500/Kingen.png,South Korea,https://cdn.discordapp.com/attachments/908192999131975681/908194033967443999/South_Korea.png,LCK,T,DRX,https://cdn.discordapp.com/attachments/908192999131975681/908206912603029574/DRX.png,TOP,74,64,77,90,74,85,76,Gold
Licorice,cdn.discordapp.com/attachments/908192999131975681/908198724591824896/Licorice.png,Canada,https://cdn.discordapp.com/attachments/908192999131975681/908193811082133544/Canada.png,LCS,F,Golden Guardians,https://cdn.discordapp.com/attachments/908192999131975681/908206958367088740/Golden_Guardians.png,TOP,68,59,79,81,87,68,76,Gold
SwordArt,cdn.discordapp.com/attachments/908192999131975681/908203524981153822/SwordArt.png,Taiwan,https://cdn.discordapp.com/attachments/908192999131975681/908194040271499284/Taiwan.png,LCS,F,TSM,https://cdn.discordapp.com/attachments/908192999131975681/908207016886038538/TSM.png,SUP,72,81,72,85,98,70,76,Gold
Vulcan,cdn.discordapp.com/attachments/908192999131975681/908203576705298512/Vulcan.png,Canada,https://cdn.discordapp.com/attachments/908192999131975681/908193811082133544/Canada.png,LCS,F,Cloud9,https://cdn.discordapp.com/attachments/908192999131975681/908206907817349160/Cloud9.png,SUP,80,84,80,83,81,83,76,Gold
Xerxe,cdn.discordapp.com/attachments/908192999131975681/908203585211346964/Xerxe.png,Romania,https://cdn.discordapp.com/attachments/908192999131975681/908193947518648320/Romania.png,LCS,T,Immortals,https://cdn.discordapp.com/attachments/908192999131975681/908206960485232680/Immortals.png,JG,72,61,73,85,88,72,76,Gold
CoreJJ,cdn.discordapp.com/attachments/908192999131975681/908198155634507847/CoreJJ.png,South Korea,https://cdn.discordapp.com/attachments/908192999131975681/908194033967443999/South_Korea.png,LCS,T,Team Liquid,https://cdn.discordapp.com/attachments/908192999131975681/908207006945513492/Team_Liquid.png,SUP,72,81,73,87,91,73,75,Gold
Crownshot,cdn.discordapp.com/attachments/908192999131975681/908198277030240256/Crownshot.png,Slovenia,https://cdn.discordapp.com/attachments/908192999131975681/908194030016401458/Slovenia.png,LEC,T,Team Vitality,https://cdn.discordapp.com/attachments/908192999131975681/908207011710255124/Team_Vitality.png,ADC,78,68,90,77,65,69,75,Gold
Cuzz,cdn.discordapp.com/attachments/908192999131975681/908198281828524072/Cuzz.png,South Korea,https://cdn.discordapp.com/attachments/908192999131975681/908194033967443999/South_Korea.png,LCK,T,T1,https://cdn.discordapp.com/attachments/908192999131975681/908207005938905108/T1.png,JG,75,74,77,77,88,63,75,Gold
Delight,cdn.discordapp.com/attachments/908192999131975681/908198292570144858/Delight.png,South Korea,https://cdn.discordapp.com/attachments/908192999131975681/908194033967443999/South_Korea.png,LCK,T,Fredit BRION,https://cdn.discordapp.com/attachments/908192999131975681/908206954764177438/Fredit_BRION.png,SUP,73,99,99,79,55,74,75,Gold
FATE,cdn.discordapp.com/attachments/908192999131975681/908198355723755530/FATE.png,South Korea,https://cdn.discordapp.com/attachments/908192999131975681/908194033967443999/South_Korea.png,LCK,T,Liiv SANDBOX,https://cdn.discordapp.com/attachments/908192999131975681/908206997881618442/Liiv_SANDBOX.png,MID,88,66,82,89,61,68,75,Gold
Ghost,cdn.discordapp.com/attachments/908192999131975681/908198412871155733/Ghost.png,South Korea,https://cdn.discordapp.com/attachments/908192999131975681/908194033967443999/South_Korea.png,LCK,T,DWG KIA,https://cdn.discordapp.com/attachments/908192999131975681/908206914607919114/DWG_KIA.png,ADC,75,74,68,79,89,81,75,Gold
IgNar,cdn.discordapp.com/attachments/908192999131975681/908198464159100928/IgNar.png,South Korea,https://cdn.discordapp.com/attachments/908192999131975681/908194033967443999/South_Korea.png,LCS,T,Evil Geniuses,https://cdn.discordapp.com/attachments/908192999131975681/908206915580989491/Evil_Geniuses.png,SUP,80,84,76,83,80,90,75,Gold
Inspired,cdn.discordapp.com/attachments/908192999131975681/908198473906679838/Inspired.png,Poland,https://cdn.discordapp.com/attachments/908192999131975681/908193946017103882/Poland.png,LEC,T,Rogue,https://cdn.discordapp.com/attachments/908192999131975681/908207003787202560/Rogue.png,JG,84,65,76,81,75,77,75,Gold
Zzus,cdn.discordapp.com/attachments/908192999131975681/908203634968379392/Zzus.png,South Korea,https://cdn.discordapp.com/attachments/908192999131975681/908194033967443999/South_Korea.png,LCK,T,KT Rolster,https://cdn.discordapp.com/attachments/908192999131975681/908206967053496350/KT_Rolster.png,SUP,69,93,82,78,81,79,75,Gold
Blank,cdn.discordapp.com/attachments/908192999131975681/908198095962136646/Blank.png,South Korea,https://cdn.discordapp.com/attachments/908192999131975681/908194033967443999/South_Korea.png,LCK,T,KT Rolster,https://cdn.discordapp.com/attachments/908192999131975681/908206967053496350/KT_Rolster.png,JG,76,70,73,75,91,64,74,Silver
MagiFelix,cdn.discordapp.com/attachments/908192999131975681/908198789658050600/MagiFelix.png,Sweden,https://cdn.discordapp.com/attachments/908192999131975681/908194038069461032/Sweden.png,LEC,T,Astralis,https://cdn.discordapp.com/attachments/908192999131975681/908206906387071006/Astralis.png,MID,67,60,89,78,82,69,74,Silver
Stixxay,cdn.discordapp.com/attachments/908192999131975681/908203469670842448/Stixxay.png,USA,https://cdn.discordapp.com/attachments/908192999131975681/908194044662935583/USA.png,LCS,F,Golden Guardians,https://cdn.discordapp.com/attachments/908192999131975681/908206958367088740/Golden_Guardians.png,ADC,72,60,71,83,84,66,74,Silver
Closer,cdn.discordapp.com/attachments/908192999131975681/908198153608654868/Closer.png,Turkey,https://cdn.discordapp.com/attachments/908192999131975681/908194042377011230/Turkey.png,LCS,T,100 Thieves,https://cdn.discordapp.com/attachments/908192999131975681/908206903333617704/100_Thieves.png,JG,72,59,80,77,86,84,73,Silver
Elyoya,cdn.discordapp.com/attachments/908192999131975681/908198351206481920/Elyoya.png,Spain,https://cdn.discordapp.com/attachments/908192999131975681/908194035712294932/Spain.png,LEC,T,MAD Lions,https://cdn.discordapp.com/attachments/908192999131975681/908207003535560724/MAD_Lions.png,JG,74,64,79,81,80,84,73,Silver
Fudge,cdn.discordapp.com/attachments/908192999131975681/908198402024685578/Fudge.png,Australia,https://cdn.discordapp.com/attachments/908192999131975681/908193802320228383/Australia.png,LCS,F,Cloud9,https://cdn.discordapp.com/attachments/908192999131975681/908206907817349160/Cloud9.png,TOP,72,57,77,83,77,78,73,Silver
UmTi,cdn.discordapp.com/attachments/908192999131975681/908203537970888724/UmTi.png,South Korea,https://cdn.discordapp.com/attachments/908192999131975681/908194033967443999/South_Korea.png,LCK,T,Fredit BRION,https://cdn.discordapp.com/attachments/908192999131975681/908206954764177438/Fredit_BRION.png,JG,85,73,82,81,65,78,73,Silver
Morgan,cdn.discordapp.com/attachments/908192999131975681/908198799158161428/Morgan.png,South Korea,https://cdn.discordapp.com/attachments/908192999131975681/908194033967443999/South_Korea.png,LCK,T,Hanwha Life Esports,https://cdn.discordapp.com/attachments/908192999131975681/908206959637975060/Hanwha_Life_Esports.png,TOP,76,64,69,85,77,90,72,Silver
Oner,cdn.discordapp.com/attachments/908192999131975681/908198863918215208/Oner.png,South Korea,https://cdn.discordapp.com/attachments/908192999131975681/908194033967443999/South_Korea.png,LCK,T,T1,https://cdn.discordapp.com/attachments/908192999131975681/908207005938905108/T1.png,JG,83,70,81,73,74,73,72,Silver
Smoothie,cdn.discordapp.com/attachments/908192999131975681/908203461156433960/Smoothie.png,Canada,https://cdn.discordapp.com/attachments/908192999131975681/908193811082133544/Canada.png,LCS,F,Counter Logic Gaming,https://cdn.discordapp.com/attachments/908192999131975681/908206909583163402/Counter_Logic_Gaming.png,SUP,61,87,85,75,89,89,72,Silver
Spica,cdn.discordapp.com/attachments/908192999131975681/908203466869080094/Spica.png,USA,https://cdn.discordapp.com/attachments/908192999131975681/908194044662935583/USA.png,LCS,F,TSM,https://cdn.discordapp.com/attachments/908192999131975681/908207016886038538/TSM.png,JG,74,59,82,85,71,74,72,Silver
Broxah,cdn.discordapp.com/attachments/908192999131975681/908198077775642674/Broxah.png,Denmark,https://cdn.discordapp.com/attachments/908192999131975681/908193814399823902/Denmark.png,LCS,T,Counter Logic Gaming,https://cdn.discordapp.com/attachments/908192999131975681/908206909583163402/Counter_Logic_Gaming.png,JG,58,61,74,87,92,83,71,Silver
FBI,cdn.discordapp.com/attachments/908192999131975681/908203342684094474/FBI.png,Australia,https://cdn.discordapp.com/attachments/908192999131975681/908193802320228383/Australia.png,LCS,F,100 Thieves,https://cdn.discordapp.com/attachments/908192999131975681/908206903333617704/100_Thieves.png,ADC,74,61,68,83,79,66,71,Silver
Jun,cdn.discordapp.com/attachments/908192999131975681/908198652474953738/Jun.png,South Korea,https://cdn.discordapp.com/attachments/908192999131975681/908194033967443999/South_Korea.png,LCK,T,DRX,https://cdn.discordapp.com/attachments/908192999131975681/908206912603029574/DRX.png,SUP,82,94,89,77,52,66,71,Silver
Svenskeren,cdn.discordapp.com/attachments/908192999131975681/908203523613798472/Svenskeren.png,Denmark,https://cdn.discordapp.com/attachments/908192999131975681/908193814399823902/Denmark.png,LCS,F,Evil Geniuses,https://cdn.discordapp.com/attachments/908192999131975681/908206915580989491/Evil_Geniuses.png,JG,75,60,68,77,91,67,71,Silver
Trymbi,cdn.discordapp.com/attachments/908192999131975681/908203536070877194/Trymbi.png,Poland,https://cdn.discordapp.com/attachments/908192999131975681/908193946017103882/Poland.png,LEC,T,Rogue,https://cdn.discordapp.com/attachments/908192999131975681/908207003787202560/Rogue.png,SUP,80,88,78,81,68,80,71,Silver
deokdam,cdn.discordapp.com/attachments/908192999131975681/908198294096855080/deokdam.png,South Korea,https://cdn.discordapp.com/attachments/908192999131975681/908194033967443999/South_Korea.png,LCK,T,Nongshim RedForce,https://cdn.discordapp.com/attachments/908192999131975681/908207001895579658/Nongshim_RedForce.png,ADC,74,70,82,83,62,85,70,Silver
Pobelter,cdn.discordapp.com/attachments/908192999131975681/908198868754243614/Pobelter.png,USA,https://cdn.discordapp.com/attachments/908192999131975681/908194044662935583/USA.png,LCS,F,Counter Logic Gaming,https://cdn.discordapp.com/attachments/908192999131975681/908206909583163402/Counter_Logic_Gaming.png,MID,70,58,69,84,88,66,70,Silver
Razork,cdn.discordapp.com/attachments/908192999131975681/908199278449655818/Razork.png,Spain,https://cdn.discordapp.com/attachments/908192999131975681/908194035712294932/Spain.png,LEC,T,Misfits Gaming,https://cdn.discordapp.com/attachments/908192999131975681/908207001111257138/Misfits_Gaming.png,JG,88,68,84,73,63,67,70,Silver
Armut,cdn.discordapp.com/attachments/908192999131975681/908198034901463040/Armut.png,Turkey,https://cdn.discordapp.com/attachments/908192999131975681/908194042377011230/Turkey.png,LEC,T,MAD Lions,https://cdn.discordapp.com/attachments/908192999131975681/908207003535560724/MAD_Lions.png,TOP,69,64,72,79,81,67,69,Silver
Becca,cdn.discordapp.com/attachments/908192999131975681/908198092887715870/Becca.png,South Korea,https://cdn.discordapp.com/attachments/908192999131975681/908194033967443999/South_Korea.png,LCK,T,DRX,https://cdn.discordapp.com/attachments/908192999131975681/908206912603029574/DRX.png,SUP,76,92,85,79,57,95,69,Silver
Fly,cdn.discordapp.com/attachments/908192999131975681/908198404570636318/Fly.png,South Korea,https://cdn.discordapp.com/attachments/908192999131975681/908194033967443999/South_Korea.png,LCK,T,Afreeca Freecs,https://cdn.discordapp.com/attachments/908192999131975681/908206905300746240/Afreeca_Freecs.png,MID,78,65,68,87,75,96,69,Silver
Jenax,cdn.discordapp.com/attachments/908192999131975681/908198531528032276/Jenax.png,Germany,https://cdn.discordapp.com/attachments/908192999131975681/908193934134640690/Germany.png,LEC,T,SK Gaming,https://cdn.discordapp.com/attachments/908192999131975681/908207004781252638/SK_Gaming.png,TOP,76,63,74,89,63,65,69,Silver
PowerOfEvil,cdn.discordapp.com/attachments/908192999131975681/908198918221889576/PowerOfEvil.png,Germany,https://cdn.discordapp.com/attachments/908192999131975681/908193934134640690/Germany.png,LCS,T,TSM,https://cdn.discordapp.com/attachments/908192999131975681/908207016886038538/TSM.png,MID,67,59,74,83,84,83,69,Silver
aphromoo,cdn.discordapp.com/attachments/908192999131975681/908198027905359922/aphromoo.png,USA,https://cdn.discordapp.com/attachments/908192999131975681/908194044662935583/USA.png,LCS,F,Dignitas,https://cdn.discordapp.com/attachments/908192999131975681/908206910480740402/Dignitas.png,SUP,76,78,66,75,89,72,68,Silver
Harp,cdn.discordapp.com/attachments/908192999131975681/908198431422554122/Harp.png,South Korea,https://cdn.discordapp.com/attachments/908192999131975681/908194033967443999/South_Korea.png,LCK,T,KT Rolster,https://cdn.discordapp.com/attachments/908192999131975681/908206967053496350/KT_Rolster.png,SUP,88,88,75,81,53,79,68,Silver
HiRit,cdn.discordapp.com/attachments/908192999131975681/908198431351255090/HiRit.png,South Korea,https://cdn.discordapp.com/attachments/908192999131975681/908194033967443999/South_Korea.png,LEC,T,Misfits Gaming,https://cdn.discordapp.com/attachments/908192999131975681/908207001111257138/Misfits_Gaming.png,TOP,78,61,84,81,58,67,68,Silver
Kobbe,cdn.discordapp.com/attachments/908192999131975681/908198681323372544/Kobbe.png,Denmark,https://cdn.discordapp.com/attachments/908192999131975681/908193814399823902/Denmark.png,LEC,T,Misfits Gaming,https://cdn.discordapp.com/attachments/908192999131975681/908207001111257138/Misfits_Gaming.png,ADC,69,68,63,77,88,67,68,Silver
LIDER,cdn.discordapp.com/attachments/908192999131975681/908198739825528862/LIDER.png,Norway,https://cdn.discordapp.com/attachments/908192999131975681/908193943483723806/Norway.png,LEC,T,Team Vitality,https://cdn.discordapp.com/attachments/908192999131975681/908207011710255124/Team_Vitality.png,MID,87,60,90,75,55,72,68,Silver
Ablazeolive,cdn.discordapp.com/attachments/908192999131975681/908198019768406017/Ablazeolive.png,Canada,https://cdn.discordapp.com/attachments/908192999131975681/908193811082133544/Canada.png,LCS,F,Golden Guardians,https://cdn.discordapp.com/attachments/908192999131975681/908206958367088740/Golden_Guardians.png,MID,81,59,83,85,56,66,67,Silver
Malrang,cdn.discordapp.com/attachments/908192999131975681/908198792392749066/Malrang.png,South Korea,https://cdn.discordapp.com/attachments/908192999131975681/908194033967443999/South_Korea.png,LCK,T,DWG KIA,https://cdn.discordapp.com/attachments/908192999131975681/908206914607919114/DWG_KIA.png,JG,68,67,91,76,68,59,67,Silver
Santorin,cdn.discordapp.com/attachments/908192999131975681/908203455011782676/Santorin.png,Denmark,https://cdn.discordapp.com/attachments/908192999131975681/908193814399823902/Denmark.png,LCS,F,Team Liquid,https://cdn.discordapp.com/attachments/908192999131975681/908207006945513492/Team_Liquid.png,JG,74,64,71,75,84,67,67,Silver
Vetheo,cdn.discordapp.com/attachments/908192999131975681/908203578127167498/Vetheo.png,France,https://cdn.discordapp.com/attachments/908192999131975681/908193819059687424/France.png,LEC,T,Misfits Gaming,https://cdn.discordapp.com/attachments/908192999131975681/908207001111257138/Misfits_Gaming.png,MID,78,61,92,77,58,67,67,Silver
WhiteKnight,cdn.discordapp.com/attachments/908192999131975681/908203580446638120/WhiteKnight.png,Finland,https://cdn.discordapp.com/attachments/908192999131975681/908193817025445888/Finland.png,LEC,T,Astralis,https://cdn.discordapp.com/attachments/908192999131975681/908206906387071006/Astralis.png,TOP,72,62,90,73,63,66,67,Silver
yoHan,cdn.discordapp.com/attachments/908192999131975681/908203628962119700/YoHan.png,South Korea,https://cdn.discordapp.com/attachments/908192999131975681/908194033967443999/South_Korea.png,LCK,T,Hanwha Life Esports,https://cdn.discordapp.com/attachments/908192999131975681/908206959637975060/Hanwha_Life_Esports.png,JG,75,63,96,75,58,77,67,Silver
Adam,cdn.discordapp.com/attachments/908192999131975681/908198029721501736/Adam.png,France,https://cdn.discordapp.com/attachments/908192999131975681/908193819059687424/France.png,LEC,T,Fnatic,https://cdn.discordapp.com/attachments/908192999131975681/908206953103253585/Fnatic.png,TOP,75,61,75,83,64,63,66,Silver
Finn,cdn.discordapp.com/attachments/908192999131975681/908198397373186118/Finn.png,Sweden,https://cdn.discordapp.com/attachments/908192999131975681/908194038069461032/Sweden.png,LCS,T,Counter Logic Gaming,https://cdn.discordapp.com/attachments/908192999131975681/908206909583163402/Counter_Logic_Gaming.png,TOP,66,58,81,81,68,69,66,Silver
Rich,cdn.discordapp.com/attachments/908192999131975681/908199295478534184/Rich.png,South Korea,https://cdn.discordapp.com/attachments/908192999131975681/908194033967443999/South_Korea.png,LCK,T,Nongshim RedForce,https://cdn.discordapp.com/attachments/908192999131975681/908207001895579658/Nongshim_RedForce.png,TOP,68,65,82,85,62,88,66,Silver
Diamond,cdn.discordapp.com/attachments/908192999131975681/908198287767646268/Diamond.png,Canada,https://cdn.discordapp.com/attachments/908192999131975681/908193811082133544/Canada.png,LCS,F,FlyQuest,https://cdn.discordapp.com/attachments/908192999131975681/908206951383568404/FlyQuest.png,SUP,75,83,75,82,63,61,65,Silver
Lost,cdn.discordapp.com/attachments/908192999131975681/908198783597281371/Lost.png,New Zealand,https://cdn.discordapp.com/attachments/908192999131975681/908193941831176222/New_Zealand.png,LCS,F,TSM,https://cdn.discordapp.com/attachments/908192999131975681/908207016886038538/TSM.png,ADC,71,61,61,85,75,64,65,Silver
Neon,cdn.discordapp.com/attachments/908192999131975681/908198802735915060/Neon.png,Slovakia,https://cdn.discordapp.com/attachments/908192999131975681/908193953432608768/Slovakia.png,LEC,T,FC Schalke 04 Esports,https://cdn.discordapp.com/attachments/908192999131975681/908206950657978428/FC_Schalke_04_Esports.png,ADC,70,64,74,84,64,67,65,Silver
NUCLEARINT,cdn.discordapp.com/attachments/908192999131975681/908198856070680576/NUCLEARINT.png,France,https://cdn.discordapp.com/attachments/908192999131975681/908193819059687424/France.png,LEC,T,FC Schalke 04 Esports,https://cdn.discordapp.com/attachments/908192999131975681/908206950657978428/FC_Schalke_04_Esports.png,MID,72,59,88,89,52,75,65,Silver
promisq,cdn.discordapp.com/attachments/908192999131975681/908199225421086740/promisq.png,Sweden,https://cdn.discordapp.com/attachments/908192999131975681/908194038069461032/Sweden.png,LEC,T,Astralis,https://cdn.discordapp.com/attachments/908192999131975681/908206906387071006/Astralis.png,SUP,72,85,73,76,72,80,65,Silver
Labrov,cdn.discordapp.com/attachments/908192999131975681/908198715867680838/Labrov.png,Greece,https://cdn.discordapp.com/attachments/908192999131975681/908193936361787442/Greece.png,LEC,T,Team Vitality,https://cdn.discordapp.com/attachments/908192999131975681/908207011710255124/Team_Vitality.png,SUP,77,86,78,77,59,70,64,Bronze
Willer,cdn.discordapp.com/attachments/908192999131975681/908203585332977684/Willer.png,South Korea,https://cdn.discordapp.com/attachments/908192999131975681/908194033967443999/South_Korea.png,LCK,T,Hanwha Life Esports,https://cdn.discordapp.com/attachments/908192999131975681/908206959637975060/Hanwha_Life_Esports.png,JG,75,70,82,75,66,80,64,Bronze
Gori,cdn.discordapp.com/attachments/908192999131975681/908198425298862150/Gori.png,South Korea,https://cdn.discordapp.com/attachments/908192999131975681/908194033967443999/South_Korea.png,LCK,T,Nongshim RedForce,https://cdn.discordapp.com/attachments/908192999131975681/908207001895579658/Nongshim_RedForce.png,MID,63,65,80,87,67,87,63,Bronze
Johnsun,cdn.discordapp.com/attachments/908192999131975681/908198541640466472/Johnsun.png,USA,https://cdn.discordapp.com/attachments/908192999131975681/908194044662935583/USA.png,LCS,F,FlyQuest,https://cdn.discordapp.com/attachments/908192999131975681/908206951383568404/FlyQuest.png,ADC,81,68,72,74,62,65,63,Bronze
Kryze,cdn.discordapp.com/attachments/908192999131975681/908198682023849994/Kryze.png,Sweden,https://cdn.discordapp.com/attachments/908192999131975681/908194038069461032/Sweden.png,LEC,T,Excel Esports,https://cdn.discordapp.com/attachments/908192999131975681/908206916231131186/Excel_Esports.png,TOP,77,60,67,87,59,74,63,Bronze
Lilipp,cdn.discordapp.com/attachments/908192999131975681/908198740861526056/Lilipp.png,Germany,https://cdn.discordapp.com/attachments/908192999131975681/908193934134640690/Germany.png,LEC,T,SK Gaming,https://cdn.discordapp.com/attachments/908192999131975681/908207004781252638/SK_Gaming.png,SUP,71,92,80,78,53,80,63,Bronze
Tomo,cdn.discordapp.com/attachments/908192999131975681/908203531343892490/Tomo.png,USA,https://cdn.discordapp.com/attachments/908192999131975681/908194044662935583/USA.png,LCS,F,FlyQuest,https://cdn.discordapp.com/attachments/908192999131975681/908206951383568404/FlyQuest.png,ADC,72,59,72,91,53,68,63,Bronze
Treatz,cdn.discordapp.com/attachments/908192999131975681/908203534288289862/Treatz.png,Sweden,https://cdn.discordapp.com/attachments/908192999131975681/908194038069461032/Sweden.png,LEC,T,SK Gaming,https://cdn.discordapp.com/attachments/908192999131975681/908207004781252638/SK_Gaming.png,JG,73,63,80,87,56,79,63,Bronze
Advienne,cdn.discordapp.com/attachments/908192999131975681/908198030916857897/Advienne.png,Netherlands,https://cdn.discordapp.com/attachments/908192999131975681/908193939666899024/Netherlands.png,LEC,T,Excel Esports,https://cdn.discordapp.com/attachments/908192999131975681/908206916231131186/Excel_Esports.png,SUP,74,86,74,82,53,67,62,Bronze
Danny,cdn.discordapp.com/attachments/908192999131975681/908198278112374824/Danny.png,USA,https://cdn.discordapp.com/attachments/908192999131975681/908194044662935583/USA.png,LCS,F,Evil Geniuses,https://cdn.discordapp.com/attachments/908192999131975681/908206915580989491/Evil_Geniuses.png,ADC,64,66,80,85,55,70,61,Bronze
Hena,cdn.discordapp.com/attachments/908192999131975681/908198431774871593/Hena.png,South Korea,https://cdn.discordapp.com/attachments/908192999131975681/908194033967443999/South_Korea.png,LCK,T,Fredit BRION,https://cdn.discordapp.com/attachments/908192999131975681/908206954764177438/Fredit_BRION.png,ADC,80,77,74,75,55,77,61,Bronze
Insanity,cdn.discordapp.com/attachments/908192999131975681/908198469670420500/Insanity.png,USA,https://cdn.discordapp.com/attachments/908192999131975681/908194044662935583/USA.png,LCS,F,Immortals,https://cdn.discordapp.com/attachments/908192999131975681/908206960485232680/Immortals.png,MID,70,59,72,92,60,78,61,Bronze
Taeyoon,cdn.discordapp.com/attachments/908192999131975681/908203531155165254/Taeyoon.png,South Korea,https://cdn.discordapp.com/attachments/908192999131975681/908194033967443999/South_Korea.png,LCK,T,DRX,https://cdn.discordapp.com/attachments/908192999131975681/908206912603029574/DRX.png,ADC,77,74,81,75,52,92,61,Bronze
Zanzarah,cdn.discordapp.com/attachments/908192999131975681/908203631780716594/Zanzarah.png,Russia,https://cdn.discordapp.com/attachments/908192999131975681/908193949791944704/Russia.png,LEC,T,Astralis,https://cdn.discordapp.com/attachments/908192999131975681/908206906387071006/Astralis.png,JG,60,66,75,78,81,65,61,Bronze
Blue,cdn.discordapp.com/attachments/908192999131975681/908198092124340244/Blue.png,Belgium,https://cdn.discordapp.com/attachments/908192999131975681/908193804270596116/Belgium.png,LEC,T,SK Gaming,https://cdn.discordapp.com/attachments/908192999131975681/908207004781252638/SK_Gaming.png,MID,58,64,97,81,56,61,60,Bronze
Jett,cdn.discordapp.com/attachments/908192999131975681/908198536905113600/Jett.png,South Korea,https://cdn.discordapp.com/attachments/908192999131975681/908194033967443999/South_Korea.png,LCK,T,DRX,https://cdn.discordapp.com/attachments/908192999131975681/908206912603029574/DRX.png,MID,79,60,71,71,71,86,60,Bronze
Josedeodo,cdn.discordapp.com/attachments/908192999131975681/908198544815579226/Josedeodo.png,Argentina,https://cdn.discordapp.com/attachments/908192999131975681/908193799971418122/Argentina.png,LCS,T,FlyQuest,https://cdn.discordapp.com/attachments/908192999131975681/908206951383568404/FlyQuest.png,JG,66,63,78,87,62,64,60,Bronze
Revenge,cdn.discordapp.com/attachments/908192999131975681/908199288419528765/Revenge.png,USA,https://cdn.discordapp.com/attachments/908192999131975681/908194044662935583/USA.png,LCS,F,Immortals,https://cdn.discordapp.com/attachments/908192999131975681/908206960485232680/Immortals.png,TOP,68,58,74,85,58,74,60,Bronze
DuDu,cdn.discordapp.com/attachments/908192999131975681/908198348459241482/DuDu.png,South Korea,https://cdn.discordapp.com/attachments/908192999131975681/908194033967443999/South_Korea.png,LCK,T,Hanwha Life Esports,https://cdn.discordapp.com/attachments/908192999131975681/908206959637975060/Hanwha_Life_Esports.png,TOP,69,65,75,77,60,79,58,Bronze
Jezu,cdn.discordapp.com/attachments/908192999131975681/908198538855481374/Jezu.png,France,https://cdn.discordapp.com/attachments/908192999131975681/908193819059687424/France.png,LEC,T,SK Gaming,https://cdn.discordapp.com/attachments/908192999131975681/908207004781252638/SK_Gaming.png,ADC,72,64,73,78,56,63,58,Bronze
Noah,cdn.discordapp.com/attachments/908192999131975681/908198856137777202/Noah.png,South Korea,https://cdn.discordapp.com/attachments/908192999131975681/908194033967443999/South_Korea.png,LCK,T,KT Rolster,https://cdn.discordapp.com/attachments/908192999131975681/908206967053496350/KT_Rolster.png,ADC,71,71,70,81,57,76,58,Bronze
Solo,cdn.discordapp.com/attachments/908192999131975681/908203464654487602/Solo.png,USA,https://cdn.discordapp.com/attachments/908192999131975681/908194044662935583/USA.png,LCS,F,Golden Guardians,https://cdn.discordapp.com/attachments/908192999131975681/908206958367088740/Golden_Guardians.png,TOP,69,60,59,79,75,72,58,Bronze
5kid,cdn.discordapp.com/attachments/908192999131975681/908198023341965332/5kid.png,South Korea,https://cdn.discordapp.com/attachments/908192999131975681/908194033967443999/South_Korea.png,LCK,T,KT Rolster,https://cdn.discordapp.com/attachments/908192999131975681/908206967053496350/KT_Rolster.png,ADC,70,68,74,81,53,70,57,Bronze
Arthur,cdn.discordapp.com/attachments/908192999131975681/908198071224127508/Arthur.png,South Korea,https://cdn.discordapp.com/attachments/908192999131975681/908194033967443999/South_Korea.png,LCK,T,Hanwha Life Esports,https://cdn.discordapp.com/attachments/908192999131975681/908206959637975060/Hanwha_Life_Esports.png,JG,78,68,77,72,61,76,57,Bronze
Hoya,cdn.discordapp.com/attachments/908192999131975681/908198454877126656/Hoya.png,South Korea,https://cdn.discordapp.com/attachments/908192999131975681/908194033967443999/South_Korea.png,LCK,T,Fredit BRION,https://cdn.discordapp.com/attachments/908192999131975681/908206954764177438/Fredit_BRION.png,TOP,63,65,76,81,57,92,56,Bronze
Jenkins,cdn.discordapp.com/attachments/908192999131975681/908198530462679050/Jenkins.png,USA,https://cdn.discordapp.com/attachments/908192999131975681/908194044662935583/USA.png,LCS,F,Team Liquid,https://cdn.discordapp.com/attachments/908192999131975681/908207006945513492/Team_Liquid.png,TOP,72,59,65,79,62,90,56,Bronze
Kirei,cdn.discordapp.com/attachments/908192999131975681/908198678680961064/Kirei.png,Netherlands,https://cdn.discordapp.com/attachments/908192999131975681/908193939666899024/Netherlands.png,LEC,T,FC Schalke 04 Esports,https://cdn.discordapp.com/attachments/908192999131975681/908206950657978428/FC_Schalke_04_Esports.png,JG,58,65,75,87,65,74,56,Bronze
FakeGod,cdn.discordapp.com/attachments/908192999131975681/908198345212842024/FakeGod.png,USA,https://cdn.discordapp.com/attachments/908192999131975681/908194044662935583/USA.png,LCS,F,Dignitas,https://cdn.discordapp.com/attachments/908192999131975681/908206910480740402/Dignitas.png,TOP,68,60,59,87,63,67,55,Bronze
SOLKA,cdn.discordapp.com/attachments/908192999131975681/908203469763149854/SOLKA.png,South Korea,https://cdn.discordapp.com/attachments/908192999131975681/908194033967443999/South_Korea.png,LCK,T,DRX,https://cdn.discordapp.com/attachments/908192999131975681/908206912603029574/DRX.png,MID,73,67,64,83,63,92,55,Bronze
BAO,cdn.discordapp.com/attachments/908192999131975681/908198089884565514/BAO.png,South Korea,https://cdn.discordapp.com/attachments/908192999131975681/908194033967443999/South_Korea.png,LCK,T,DRX,https://cdn.discordapp.com/attachments/908192999131975681/908206912603029574/DRX.png,ADC,69,67,72,73,57,99,54,Bronze
Chime,cdn.discordapp.com/attachments/908192999131975681/908198150072856636/Chime.png,Canada,https://cdn.discordapp.com/attachments/908192999131975681/908193811082133544/Canada.png,LCS,F,Golden Guardians,https://cdn.discordapp.com/attachments/908192999131975681/908206958367088740/Golden_Guardians.png,SUP,54,83,77,79,53,84,53,Bronze
Markoon,cdn.discordapp.com/attachments/908192999131975681/908198793449709619/Markoon.png,Netherlands,https://cdn.discordapp.com/attachments/908192999131975681/908193939666899024/Netherlands.png,LEC,T,Excel Esports,https://cdn.discordapp.com/attachments/908192999131975681/908206916231131186/Excel_Esports.png,JG,74,64,77,75,53,97,53,Bronze
Yusui,cdn.discordapp.com/attachments/908192999131975681/908203628660129842/Yusui.png,USA,https://cdn.discordapp.com/attachments/908192999131975681/908194044662935583/USA.png,LCS,F,Dignitas,https://cdn.discordapp.com/attachments/908192999131975681/908206910480740402/Dignitas.png,MID,61,58,75,87,56,72,53,Bronze
Iconic,cdn.discordapp.com/attachments/908192999131975681/908198462292656198/Iconic.png,USA,https://cdn.discordapp.com/attachments/908192999131975681/908194044662935583/USA.png,LCS,F,Golden Guardians,https://cdn.discordapp.com/attachments/908192999131975681/908206958367088740/Golden_Guardians.png,JG,68,57,72,83,56,69,52,Bronze
Croco,cdn.discordapp.com/attachments/908192999131975681/908198275818086470/Croco.png,South Korea,https://cdn.discordapp.com/attachments/908192999131975681/908194033967443999/South_Korea.png,LCK,T,Liiv SANDBOX,https://cdn.discordapp.com/attachments/908192999131975681/908206997881618442/Liiv_SANDBOX.png,JG,73,66,74,77,53,67,51,Bronze
Armao,cdn.discordapp.com/attachments/908192999131975681/908198030023479317/Armao.png,USA,https://cdn.discordapp.com/attachments/908192999131975681/908194044662935583/USA.png,LCS,F,Team Liquid,https://cdn.discordapp.com/attachments/908192999131975681/908207006945513492/Team_Liquid.png,JG,65,58,59,81,71,77,50,Bronze
Dreams,cdn.discordapp.com/attachments/908192999131975681/908198337038135296/Dreams.png,South Korea,https://cdn.discordapp.com/attachments/908192999131975681/908194033967443999/South_Korea.png,LCS,T,FlyQuest,https://cdn.discordapp.com/attachments/908192999131975681/908206951383568404/FlyQuest.png,SUP,54,75,59,86,65,72,50,Bronze
Jeskla,cdn.discordapp.com/attachments/908192999131975681/908198535122550794/Jeskla.png,Sweden,https://cdn.discordapp.com/attachments/908192999131975681/908194038069461032/Sweden.png,LEC,T,Astralis,https://cdn.discordapp.com/attachments/908192999131975681/908206906387071006/Astralis.png,ADC,58,69,63,82,60,77,50,Bronze
Kumo,cdn.discordapp.com/attachments/908192999131975681/908198709970468944/Kumo.png,USA,https://cdn.discordapp.com/attachments/908192999131975681/908194044662935583/USA.png,LCS,F,FlyQuest,https://cdn.discordapp.com/attachments/908192999131975681/908206951383568404/FlyQuest.png,TOP,54,58,63,85,65,61,50,Bronze
Palafox,cdn.discordapp.com/attachments/908192999131975681/908198861116424283/Palafox.png,USA,https://cdn.discordapp.com/attachments/908192999131975681/908194044662935583/USA.png,LCS,F,FlyQuest,https://cdn.discordapp.com/attachments/908192999131975681/908206951383568404/FlyQuest.png,MID,61,59,70,87,55,80,50,Bronze
